{
  "total_graphs": 8469,
  "tg_mean": 416.6156815805772,
  "tg_std": 115.46485652181035,
  "tg_min": 130.0,
  "tg_max": 975.1500244140625,
  "tg_q25": 328.1000061035156,
  "tg_q50": 409.1499938964844,
  "tg_q75": 508.1499938964844,
  "avg_num_nodes": 35.34927382217499,
  "avg_backbone_nodes": 17.387649073090092,
  "avg_sidechain_nodes": 17.961624749084898,
  "avg_backbone_ratio": 0.4999757179889949,
  "avg_sidechain_ratio": 0.5000242815912918,
  "high_tg_threshold": 508.1499938964844,
  "high_tg_ratio": 0.2531585783445507,
  "homopolymer_ratio": 0.014287401109930334
}