{
  "Atom Attention (node-level)": {
    "mse_mean": 1362.6918334960938,
    "mse_std": 63.1190439682554,
    "mae_mean": 25.28684425354004,
    "mae_std": 0.6389034069734829,
    "rmse_mean": 36.90575065612793,
    "rmse_std": 0.8546579189861438,
    "r2_mean": 0.8959932565689087,
    "r2_std": 0.004817523708195297,
    "high_tg_threshold_mean": 508.1499938964844,
    "high_tg_threshold_std": 0.0,
    "high_tg_mae_mean": 25.521952438354493,
    "high_tg_mae_std": 1.0496489081725726,
    "high_tg_r2_mean": 0.1418464243412018,
    "high_tg_r2_std": 0.06422556364570893,
    "low_tg_mae_mean": 25.208476638793947,
    "low_tg_mae_std": 0.727637963498489,
    "bias_delta_mean": 0.3134757995605469,
    "bias_delta_std": 1.1873459258163792,
    "normalized_bias_mean": 0.3069228467452547,
    "normalized_bias_std": 0.02519495041119594,
    "high_tg_ratio_mean": 0.25,
    "high_tg_ratio_std": 0.0
  },
  "BRAG (graph-level)": {
    "mse_mean": 1284.7531372070312,
    "mse_std": 27.68005816761207,
    "mae_mean": 24.751507186889647,
    "mae_std": 0.2853185098570668,
    "rmse_mean": 35.84158134460449,
    "rmse_std": 0.38611296205825835,
    "r2_mean": 0.9019419014453888,
    "r2_std": 0.002112663664079489,
    "high_tg_threshold_mean": 508.1499938964844,
    "high_tg_threshold_std": 0.0,
    "high_tg_mae_mean": 24.377629852294923,
    "high_tg_mae_std": 1.117336115795032,
    "high_tg_r2_mean": 0.20062427520751952,
    "high_tg_r2_std": 0.055780640093332216,
    "low_tg_mae_mean": 24.876133918762207,
    "low_tg_mae_std": 0.3475412956658335,
    "bias_delta_mean": -0.4985040664672852,
    "bias_delta_std": 1.309028856233485,
    "normalized_bias_mean": 0.2836738522791665,
    "normalized_bias_std": 0.02863190287771548,
    "high_tg_ratio_mean": 0.25,
    "high_tg_ratio_std": 0.0
  },
  "Contrastive (representation-level)": {
    "mse_mean": 1341.0498168945312,
    "mse_std": 55.30529490140166,
    "mae_mean": 25.435165405273438,
    "mae_std": 0.5287173294626537,
    "rmse_mean": 36.61348190307617,
    "rmse_std": 0.7473866034071023,
    "r2_mean": 0.8976450681686401,
    "r2_std": 0.0042211473766329,
    "high_tg_threshold_mean": 508.1499938964844,
    "high_tg_threshold_std": 0.0,
    "high_tg_mae_mean": 26.300112533569337,
    "high_tg_mae_std": 1.0657505442969193,
    "high_tg_r2_mean": 0.08774038553237914,
    "high_tg_r2_std": 0.07835198274040156,
    "low_tg_mae_mean": 25.14684925079346,
    "low_tg_mae_std": 0.7343080465189146,
    "bias_delta_mean": 1.1532632827758789,
    "bias_delta_std": 1.4766084620404907,
    "normalized_bias_mean": 0.32615254709801544,
    "normalized_bias_std": 0.02933971158724791,
    "high_tg_ratio_mean": 0.25,
    "high_tg_ratio_std": 0.0
  }
}