{
  "VanillaGNN": {
    "mse_mean": 1327.1545532226562,
    "mse_std": 40.48475744492408,
    "mae_mean": 25.482155990600585,
    "mae_std": 0.5217137917886624,
    "rmse_mean": 36.426346969604495,
    "rmse_std": 0.5535819471729182,
    "r2_mean": 0.8987056255340576,
    "r2_std": 0.003089979712687684,
    "high_tg_threshold_mean": 508.1499938964844,
    "high_tg_threshold_std": 0.0,
    "high_tg_mae_mean": 26.372563362121582,
    "high_tg_mae_std": 1.014608616052483,
    "high_tg_r2_mean": 0.10700243711471558,
    "high_tg_r2_std": 0.08239296651449703,
    "low_tg_mae_mean": 25.185353469848632,
    "low_tg_mae_std": 0.7025871895728202,
    "bias_delta_mean": 1.1872098922729493,
    "bias_delta_std": 1.376748907941803,
    "normalized_bias_mean": 0.3274168831133614,
    "normalized_bias_std": 0.027507836182248536,
    "high_tg_ratio_mean": 0.25,
    "high_tg_ratio_std": 0.0
  },
  "AtomAttentionGNN": {
    "mse_mean": 1384.2605102539062,
    "mse_std": 60.24184178965527,
    "mae_mean": 25.41540870666504,
    "mae_std": 0.5770677354869427,
    "rmse_mean": 37.19761619567871,
    "rmse_std": 0.8150407076082978,
    "r2_mean": 0.8943470418453217,
    "r2_std": 0.004597922770401315,
    "high_tg_threshold_mean": 508.1499938964844,
    "high_tg_threshold_std": 0.0,
    "high_tg_mae_mean": 25.48682403564453,
    "high_tg_mae_std": 0.6572255420679599,
    "high_tg_r2_mean": 0.1295315980911255,
    "high_tg_r2_std": 0.06223709263450701,
    "low_tg_mae_mean": 25.391603851318358,
    "low_tg_mae_std": 0.7262002273901224,
    "bias_delta_mean": 0.09522018432617188,
    "bias_delta_std": 0.9535997355026651,
    "normalized_bias_mean": 0.30391040541249503,
    "normalized_bias_std": 0.01744978054421225,
    "high_tg_ratio_mean": 0.25,
    "high_tg_ratio_std": 0.0
  },
  "BRAG": {
    "mse_mean": 1256.5000610351562,
    "mse_std": 19.23017555738851,
    "mae_mean": 24.656311988830566,
    "mae_std": 0.33189310676769895,
    "rmse_mean": 35.446211624145505,
    "rmse_std": 0.27097515400261274,
    "r2_mean": 0.9040982961654663,
    "r2_std": 0.001467736280428389,
    "high_tg_threshold_mean": 508.1499938964844,
    "high_tg_threshold_std": 0.0,
    "high_tg_mae_mean": 24.289249229431153,
    "high_tg_mae_std": 1.3325224137210636,
    "high_tg_r2_mean": 0.21506239771842955,
    "high_tg_r2_std": 0.06963191657886157,
    "low_tg_mae_mean": 24.7786657333374,
    "low_tg_mae_std": 0.5512124241801011,
    "bias_delta_mean": -0.48941650390625,
    "bias_delta_std": 1.7307066570388354,
    "normalized_bias_mean": 0.28273196249882215,
    "normalized_bias_std": 0.036125771959806645,
    "high_tg_ratio_mean": 0.25,
    "high_tg_ratio_std": 0.0
  },
  "Contrastive": {
    "mse_mean": 1340.8063232421875,
    "mse_std": 41.0138368241069,
    "mae_mean": 25.60421485900879,
    "mae_std": 0.6008923834391802,
    "rmse_mean": 36.61319236755371,
    "rmse_std": 0.5582249370372973,
    "r2_mean": 0.89766366481781,
    "r2_std": 0.0031303640185782167,
    "high_tg_threshold_mean": 508.1499938964844,
    "high_tg_threshold_std": 0.0,
    "high_tg_mae_mean": 26.52902889251709,
    "high_tg_mae_std": 1.0876301602830376,
    "high_tg_r2_mean": 0.09839512705802918,
    "high_tg_r2_std": 0.052363805048592706,
    "low_tg_mae_mean": 25.295944213867188,
    "low_tg_mae_std": 0.6766635083287206,
    "bias_delta_mean": 1.2330846786499023,
    "bias_delta_std": 1.2177977813563636,
    "normalized_bias_mean": 0.3298211259625793,
    "normalized_bias_std": 0.026239670345241384,
    "high_tg_ratio_mean": 0.25,
    "high_tg_ratio_std": 0.0
  }
}