{
  "VanillaGNN": {
    "mse_mean": 1319.4641357421874,
    "mse_std": 51.044220964778376,
    "mae_mean": 25.38515701293945,
    "mae_std": 0.45594077372407943,
    "rmse_mean": 36.3182315826416,
    "rmse_std": 0.7072348630312902,
    "r2_mean": 0.8992925882339478,
    "r2_std": 0.003895918915393911,
    "high_tg_threshold_mean": 508.1499938964844,
    "high_tg_threshold_std": 0.0,
    "high_tg_mae_mean": 25.915510177612305,
    "high_tg_mae_std": 1.0224124580774525,
    "high_tg_r2_mean": 0.12586533427238464,
    "high_tg_r2_std": 0.062222873344264684,
    "low_tg_mae_mean": 25.20837287902832,
    "low_tg_mae_std": 0.6341574645939014,
    "bias_delta_mean": 0.7071372985839843,
    "bias_delta_std": 1.3761124987416384,
    "normalized_bias_mean": 0.31627898193064363,
    "normalized_bias_std": 0.0278135900032738,
    "high_tg_ratio_mean": 0.25,
    "high_tg_ratio_std": 0.0
  },
  "BRAG": {
    "mse_mean": 1295.7266235351562,
    "mse_std": 55.58088477672103,
    "mae_mean": 25.04464340209961,
    "mae_std": 0.43497058260077665,
    "rmse_mean": 35.98877296447754,
    "rmse_std": 0.7708819830415706,
    "r2_mean": 0.9011043548583985,
    "r2_std": 0.004242178153200916,
    "high_tg_threshold_mean": 508.1499938964844,
    "high_tg_threshold_std": 0.0,
    "high_tg_mae_mean": 24.712264823913575,
    "high_tg_mae_std": 1.1506794792040804,
    "high_tg_r2_mean": 0.19967076182365417,
    "high_tg_r2_std": 0.07053678701207935,
    "low_tg_mae_mean": 25.155436325073243,
    "low_tg_mae_std": 0.36501512357682653,
    "bias_delta_mean": -0.44317150115966797,
    "bias_delta_std": 1.1354715185518314,
    "normalized_bias_mean": 0.2883071670795208,
    "normalized_bias_std": 0.026822967762542255,
    "high_tg_ratio_mean": 0.25,
    "high_tg_ratio_std": 0.0
  },
  "Contrastive": {
    "mse_mean": 1331.8495361328125,
    "mse_std": 40.19239459102141,
    "mae_mean": 25.313115119934082,
    "mae_std": 0.39420597816963665,
    "rmse_mean": 36.49075202941894,
    "rmse_std": 0.5522864623091253,
    "r2_mean": 0.8983472883701324,
    "r2_std": 0.003067664604944274,
    "high_tg_threshold_mean": 508.1499938964844,
    "high_tg_threshold_std": 0.0,
    "high_tg_mae_mean": 26.076554107666016,
    "high_tg_mae_std": 1.1622511184183484,
    "high_tg_r2_mean": 0.11303923726081848,
    "high_tg_r2_std": 0.043699434454442666,
    "low_tg_mae_mean": 25.058635902404784,
    "low_tg_mae_std": 0.5809547928917609,
    "bias_delta_mean": 1.0179182052612306,
    "bias_delta_std": 1.5239255875383535,
    "normalized_bias_mean": 0.32188742654324976,
    "normalized_bias_std": 0.031466655794751996,
    "high_tg_ratio_mean": 0.25,
    "high_tg_ratio_std": 0.0
  }
}