{
  "add_cat": {
    "mse_mean": 1319.8525146484376,
    "mse_std": 50.80913241639292,
    "mae_mean": 24.783014678955077,
    "mae_std": 0.4041835683422797,
    "rmse_mean": 36.323785400390626,
    "rmse_std": 0.695285408836088,
    "r2_mean": 0.8992629528045655,
    "r2_std": 0.003877984107050678,
    "high_tg_threshold_mean": 508.1499938964844,
    "high_tg_threshold_std": 0.0,
    "high_tg_mae_mean": 26.09093494415283,
    "high_tg_mae_std": 1.0769090572757312,
    "high_tg_r2_mean": 0.07266108393669128,
    "high_tg_r2_std": 0.07083190078251846,
    "low_tg_mae_mean": 24.347042083740234,
    "low_tg_mae_std": 0.4673376235853543,
    "bias_delta_mean": 1.7438928604125976,
    "bias_delta_std": 1.244447713675171,
    "normalized_bias_mean": 0.3306903190880667,
    "normalized_bias_std": 0.027098694983427263,
    "high_tg_ratio_mean": 0.25,
    "high_tg_ratio_std": 0.0
  },
  "add_diff": {
    "mse_mean": 1310.6640991210938,
    "mse_std": 64.61993726096225,
    "mae_mean": 24.658888053894042,
    "mae_std": 0.5976616652831056,
    "rmse_mean": 36.19315032958984,
    "rmse_std": 0.8944071833708567,
    "r2_mean": 0.8999642491340637,
    "r2_std": 0.00493209000491396,
    "high_tg_threshold_mean": 508.1499938964844,
    "high_tg_threshold_std": 0.0,
    "high_tg_mae_mean": 26.030994606018066,
    "high_tg_mae_std": 1.499222666205106,
    "high_tg_r2_mean": 0.09904948472976685,
    "high_tg_r2_std": 0.0846670736203073,
    "low_tg_mae_mean": 24.201518630981447,
    "low_tg_mae_std": 0.5093996077865254,
    "bias_delta_mean": 1.8294759750366212,
    "bias_delta_std": 1.459375324439126,
    "normalized_bias_mean": 0.330995848528495,
    "normalized_bias_std": 0.034640971914754334,
    "high_tg_ratio_mean": 0.25,
    "high_tg_ratio_std": 0.0
  },
  "add_abs_diff": {
    "mse_mean": 1412.5541625976562,
    "mse_std": 34.83306801655608,
    "mae_mean": 25.713720321655273,
    "mae_std": 0.3340649476454906,
    "rmse_mean": 37.58138809204102,
    "rmse_std": 0.4636325777874668,
    "r2_mean": 0.8921875417232513,
    "r2_std": 0.0026586131489156903,
    "high_tg_threshold_mean": 508.1499938964844,
    "high_tg_threshold_std": 0.0,
    "high_tg_mae_mean": 26.308959007263184,
    "high_tg_mae_std": 1.5916824029768584,
    "high_tg_r2_mean": 0.09089388251304627,
    "high_tg_r2_std": 0.0965314259005943,
    "low_tg_mae_mean": 25.515307998657228,
    "low_tg_mae_std": 0.5559756176682501,
    "bias_delta_mean": 0.793651008605957,
    "bias_delta_std": 2.0047873736828294,
    "normalized_bias_mean": 0.3219817461651357,
    "normalized_bias_std": 0.04251699442890243,
    "high_tg_ratio_mean": 0.25,
    "high_tg_ratio_std": 0.0
  },
  "add_add+diff": {
    "mse_mean": 1339.7244384765625,
    "mse_std": 57.11046975326914,
    "mae_mean": 24.840006828308105,
    "mae_std": 0.618220002715566,
    "rmse_mean": 36.59488067626953,
    "rmse_std": 0.774007170798546,
    "r2_mean": 0.897746229171753,
    "r2_std": 0.004358919430317576,
    "high_tg_threshold_mean": 508.1499938964844,
    "high_tg_threshold_std": 0.0,
    "high_tg_mae_mean": 25.544012451171874,
    "high_tg_mae_std": 1.3183570087185594,
    "high_tg_r2_mean": 0.09857221245765686,
    "high_tg_r2_std": 0.07515373973814199,
    "low_tg_mae_mean": 24.605338287353515,
    "low_tg_mae_std": 0.5452519878427164,
    "bias_delta_mean": 0.9386741638183593,
    "bias_delta_std": 1.2117076909498068,
    "normalized_bias_mean": 0.3146187067195506,
    "normalized_bias_std": 0.029390112393820493,
    "high_tg_ratio_mean": 0.25,
    "high_tg_ratio_std": 0.0
  },
  "mean_cat": {
    "mse_mean": 1371.5840454101562,
    "mse_std": 74.36649039170378,
    "mae_mean": 25.573425483703613,
    "mae_std": 0.5278210727569396,
    "rmse_mean": 37.022953033447266,
    "rmse_std": 0.991637261895006,
    "r2_mean": 0.8953145742416382,
    "r2_std": 0.005675987902178125,
    "high_tg_threshold_mean": 508.1499938964844,
    "high_tg_threshold_std": 0.0,
    "high_tg_mae_mean": 25.49725933074951,
    "high_tg_mae_std": 0.8087227072214841,
    "high_tg_r2_mean": 0.11947006583213807,
    "high_tg_r2_std": 0.05415150564733374,
    "low_tg_mae_mean": 25.598813438415526,
    "low_tg_mae_std": 0.566822882754992,
    "bias_delta_mean": -0.10155410766601562,
    "bias_delta_std": 0.8193612136893639,
    "normalized_bias_mean": 0.30169467062819444,
    "normalized_bias_std": 0.01813977512900736,
    "high_tg_ratio_mean": 0.25,
    "high_tg_ratio_std": 0.0
  },
  "mean_diff": {
    "mse_mean": 1317.8945190429688,
    "mse_std": 33.681919868011924,
    "mae_mean": 24.949062156677247,
    "mae_std": 0.41848751641370024,
    "rmse_mean": 36.30016555786133,
    "rmse_std": 0.4624455754060185,
    "r2_mean": 0.8994123935699463,
    "r2_std": 0.0025707578959536263,
    "high_tg_threshold_mean": 508.1499938964844,
    "high_tg_threshold_std": 0.0,
    "high_tg_mae_mean": 24.644273567199708,
    "high_tg_mae_std": 1.0066055860125964,
    "high_tg_r2_mean": 0.18339518308639527,
    "high_tg_r2_std": 0.05150989082315631,
    "low_tg_mae_mean": 25.050658416748046,
    "low_tg_mae_std": 0.6814136299507496,
    "bias_delta_mean": -0.40638484954833987,
    "bias_delta_std": 1.5080677778749474,
    "normalized_bias_mean": 0.28793684903863925,
    "normalized_bias_std": 0.02938235552387126,
    "high_tg_ratio_mean": 0.25,
    "high_tg_ratio_std": 0.0
  },
  "mean_abs_diff": {
    "mse_mean": 1254.80263671875,
    "mse_std": 29.093483255922926,
    "mae_mean": 24.467647552490234,
    "mae_std": 0.4851228265388455,
    "rmse_mean": 35.42107315063477,
    "rmse_std": 0.40852100761984117,
    "r2_mean": 0.9042278468608856,
    "r2_std": 0.002220548926321921,
    "high_tg_threshold_mean": 508.1499938964844,
    "high_tg_threshold_std": 0.0,
    "high_tg_mae_mean": 24.125996398925782,
    "high_tg_mae_std": 0.9689566477872491,
    "high_tg_r2_mean": 0.19865148067474364,
    "high_tg_r2_std": 0.05553454555493751,
    "low_tg_mae_mean": 24.58153133392334,
    "low_tg_mae_std": 0.689476794385565,
    "bias_delta_mean": -0.4555349349975586,
    "bias_delta_std": 1.3777452659872946,
    "normalized_bias_mean": 0.2811954143376993,
    "normalized_bias_std": 0.027100992793122163,
    "high_tg_ratio_mean": 0.25,
    "high_tg_ratio_std": 0.0
  },
  "mean_add+diff": {
    "mse_mean": 1332.60263671875,
    "mse_std": 31.4928207781617,
    "mae_mean": 24.975532913208006,
    "mae_std": 0.24380456932509054,
    "rmse_mean": 36.50254173278809,
    "rmse_std": 0.43087678587440037,
    "r2_mean": 0.8982898116111755,
    "r2_std": 0.002403669057979962,
    "high_tg_threshold_mean": 508.1499938964844,
    "high_tg_threshold_std": 0.0,
    "high_tg_mae_mean": 25.19398612976074,
    "high_tg_mae_std": 1.2981487578558752,
    "high_tg_r2_mean": 0.13013541102409362,
    "high_tg_r2_std": 0.0592582021351917,
    "low_tg_mae_mean": 24.902713966369628,
    "low_tg_mae_std": 0.513375337008187,
    "bias_delta_mean": 0.2912721633911133,
    "bias_delta_std": 1.727460654759961,
    "normalized_bias_mean": 0.30276266695113585,
    "normalized_bias_std": 0.03580577965489016,
    "high_tg_ratio_mean": 0.25,
    "high_tg_ratio_std": 0.0
  },
  "max_cat": {
    "mse_mean": 2637.84775390625,
    "mse_std": 104.81431857076748,
    "mae_mean": 29.58149356842041,
    "mae_std": 1.148812588888488,
    "rmse_mean": 51.350823974609376,
    "rmse_std": 1.0223351300650467,
    "r2_mean": 0.7986676692962646,
    "r2_std": 0.007999906263238519,
    "high_tg_threshold_mean": 508.1499938964844,
    "high_tg_threshold_std": 0.0,
    "high_tg_mae_mean": 33.1122241973877,
    "high_tg_mae_std": 1.9459364255808809,
    "high_tg_r2_mean": -1.7730684995651245,
    "high_tg_r2_std": 0.12003547361327029,
    "low_tg_mae_mean": 28.404582977294922,
    "low_tg_mae_std": 1.244114774628211,
    "bias_delta_mean": 4.707641220092773,
    "bias_delta_std": 2.0497338963038136,
    "normalized_bias_mean": 0.44934162197481564,
    "normalized_bias_std": 0.04514548998742803,
    "high_tg_ratio_mean": 0.25,