{
  "VanillaGNN": {
    "mse_mean": 1300.6313110351562,
    "mse_std": 45.998284346533026,
    "mae_mean": 25.247158432006835,
    "mae_std": 0.4631257613284479,
    "rmse_mean": 36.059190368652345,
    "rmse_std": 0.6378009769904325,
    "r2_mean": 0.9007300019264222,
    "r2_std": 0.003510786332053181,
    "high_tg_threshold_mean": 508.1499938964844,
    "high_tg_threshold_std": 0.0,
    "high_tg_mae_mean": 26.15610237121582,
    "high_tg_mae_std": 0.8428640319331167,
    "high_tg_r2_mean": 0.13221576809883118,
    "high_tg_r2_std": 0.03966369360905009,
    "low_tg_mae_mean": 24.944176864624023,
    "low_tg_mae_std": 0.6101019025491063,
    "bias_delta_mean": 1.2119255065917969,
    "bias_delta_std": 1.1367519749010364,
    "normalized_bias_mean": 0.325139247104477,
    "normalized_bias_std": 0.022655085076120247,
    "high_tg_ratio_mean": 0.25,
    "high_tg_ratio_std": 0.0
  },
  "AtomAttentionGNN": {
    "mse_mean": 1365.1257568359374,
    "mse_std": 36.20212165105472,
    "mae_mean": 25.24333953857422,
    "mae_std": 0.45417431554381094,
    "rmse_mean": 36.94465599060059,
    "rmse_std": 0.49230894593041913,
    "r2_mean": 0.8958075046539307,
    "r2_std": 0.0027631094913801962,
    "high_tg_threshold_mean": 508.1499938964844,
    "high_tg_threshold_std": 0.0,
    "high_tg_mae_mean": 26.434338760375976,
    "high_tg_mae_std": 1.4952582982588734,
    "high_tg_r2_mean": 0.06455270051956177,
    "high_tg_r2_std": 0.10532792344119093,
    "low_tg_mae_mean": 24.846339797973634,
    "low_tg_mae_std": 0.7533210957268913,
    "bias_delta_mean": 1.5879989624023438,
    "bias_delta_std": 2.037376583040291,
    "normalized_bias_mean": 0.3329162614682334,
    "normalized_bias_std": 0.041525600457412534,
    "high_tg_ratio_mean": 0.25,
    "high_tg_ratio_std": 0.0
  },
  "BRAG": {
    "mse_mean": 1266.5934204101563,
    "mse_std": 43.145717917559566,
    "mae_mean": 24.66342430114746,
    "mae_std": 0.31200602035271086,
    "rmse_mean": 35.584523391723636,
    "rmse_std": 0.6101705123941255,
    "r2_mean": 0.9033279299736023,
    "r2_std": 0.003293070590744759,
    "high_tg_threshold_mean": 508.1499938964844,
    "high_tg_threshold_std": 0.0,
    "high_tg_mae_mean": 25.001859855651855,
    "high_tg_mae_std": 1.2930553908653697,
    "high_tg_r2_mean": 0.16304197311401367,
    "high_tg_r2_std": 0.07119153358328571,
    "low_tg_mae_mean": 24.55061264038086,
    "low_tg_mae_std": 0.42900239888908476,
    "bias_delta_mean": 0.4512472152709961,
    "bias_delta_std": 1.564067937610121,
    "normalized_bias_mean": 0.3023823966647143,
    "normalized_bias_std": 0.033727655464966574,
    "high_tg_ratio_mean": 0.25,
    "high_tg_ratio_std": 0.0
  },
  "Contrastive": {
    "mse_mean": 1306.57509765625,
    "mse_std": 68.32702511964648,
    "mae_mean": 25.267489624023437,
    "mae_std": 0.5481186266895002,
    "rmse_mean": 36.13569221496582,
    "rmse_std": 0.9350273641165865,
    "r2_mean": 0.9002763450145721,
    "r2_std": 0.005215021257260187,
    "high_tg_threshold_mean": 508.1499938964844,
    "high_tg_threshold_std": 0.0,
    "high_tg_mae_mean": 26.015892219543456,
    "high_tg_mae_std": 0.9443305685034945,
    "high_tg_r2_mean": 0.10874796509742737,
    "high_tg_r2_std": 0.05940940465693136,
    "low_tg_mae_mean": 25.01802215576172,
    "low_tg_mae_std": 0.6664106001819741,
    "bias_delta_mean": 0.9978700637817383,
    "bias_delta_std": 1.1675215805857577,
    "normalized_bias_mean": 0.320928397560632,
    "normalized_bias_std": 0.023965526087632374,
    "high_tg_ratio_mean": 0.25,
    "high_tg_ratio_std": 0.0
  }
}