{
  "BRAG-full": {
    "mse_mean": 1283.385546875,
    "mse_std": 27.34381316169831,
    "mae_mean": 24.9222261428833,
    "mae_std": 0.3980220735194393,
    "rmse_mean": 35.822549438476564,
    "rmse_std": 0.38083903409668945,
    "r2_mean": 0.9020462751388549,
    "r2_std": 0.0020869953598922257,
    "high_tg_threshold_mean": 508.1499938964844,
    "high_tg_threshold_std": 0.0,
    "high_tg_mae_mean": 25.404340934753417,
    "high_tg_mae_std": 1.3267026327091493,
    "high_tg_r2_mean": 0.1646307408809662,
    "high_tg_r2_std": 0.07368446824580728,
    "low_tg_mae_mean": 24.76152095794678,
    "low_tg_mae_std": 0.6053333083694354,
    "bias_delta_mean": 0.6428199768066406,
    "bias_delta_std": 1.7226873739082065,
    "normalized_bias_mean": 0.30944164503661725,
    "normalized_bias_std": 0.03583339866732763,
    "high_tg_ratio_mean": 0.25,
    "high_tg_ratio_std": 0.0
  },
  "BRAG (shuffled roles)": {
    "mse_mean": 1708.6134399414063,
    "mse_std": 72.81010214382418,
    "mae_mean": 29.68622932434082,
    "mae_std": 0.6481901745745152,
    "rmse_mean": 41.32683219909668,
    "rmse_std": 0.885906724188145,
    "r2_mean": 0.8695909857749939,
    "r2_std": 0.005557194372893025,
    "high_tg_threshold_mean": 508.1499938964844,
    "high_tg_threshold_std": 0.0,
    "high_tg_mae_mean": 29.92865867614746,
    "high_tg_mae_std": 1.987885354183042,
    "high_tg_r2_mean": -0.12755727767944336,
    "high_tg_r2_std": 0.11720065251718698,
    "low_tg_mae_mean": 29.605418968200684,
    "low_tg_mae_std": 0.9931576249505766,
    "bias_delta_mean": 0.32323970794677737,
    "bias_delta_std": 2.6407511609165324,
    "normalized_bias_mean": 0.3593897031185651,
    "normalized_bias_std": 0.05429112881256677,
    "high_tg_ratio_mean": 0.25,
    "high_tg_ratio_std": 0.0
  },
  "BRAG (random roles)": {
    "mse_mean": 1819.6324951171875,
    "mse_std": 105.69130828257664,
    "mae_mean": 31.53769645690918,
    "mae_std": 0.8274196529965377,
    "rmse_mean": 42.64162139892578,
    "rmse_std": 1.2131757884806385,
    "r2_mean": 0.8611175060272217,
    "r2_std": 0.008066833549348694,
    "high_tg_threshold_mean": 508.1499938964844,
    "high_tg_threshold_std": 0.0,
    "high_tg_mae_mean": 32.621781730651854,
    "high_tg_mae_std": 1.9062891377194928,
    "high_tg_r2_mean": -0.22227239608764648,
    "high_tg_r2_std": 0.10177118586321979,
    "low_tg_mae_mean": 31.176335716247557,
    "low_tg_mae_std": 1.0388601003501057,
    "bias_delta_mean": 1.4454460144042969,
    "bias_delta_std": 2.347519772202225,
    "normalized_bias_mean": 0.4047268107006753,
    "normalized_bias_std": 0.04930789542943941,
    "high_tg_ratio_mean": 0.25,
    "high_tg_ratio_std": 0.0
  },
  "w/o backbone": {
    "mse_mean": 1520.8928955078125,
    "mse_std": 57.70873215640827,
    "mae_mean": 25.57129669189453,
    "mae_std": 0.664478761390623,
    "rmse_mean": 38.992269897460936,
    "rmse_std": 0.742214544012947,
    "r2_mean": 0.8839186429977417,
    "r2_std": 0.004404592319014638,
    "high_tg_threshold_mean": 508.1499938964844,
    "high_tg_threshold_std": 0.0,
    "high_tg_mae_mean": 27.00376167297363,
    "high_tg_mae_std": 1.1875879998299421,
    "high_tg_r2_mean": -0.12299481630325318,
    "high_tg_r2_std": 0.08460640368085004,
    "low_tg_mae_mean": 25.093809127807617,
    "low_tg_mae_std": 0.6797707465840898,
    "bias_delta_mean": 1.9099525451660155,
    "bias_delta_std": 1.1721791357725178,
    "normalized_bias_mean": 0.343509010501187,
    "normalized_bias_std": 0.026857615542538352,
    "high_tg_ratio_mean": 0.25,
    "high_tg_ratio_std": 0.0
  },
  "w/o side-chain": {
    "mse_mean": 1419.1643188476562,
    "mse_std": 54.09573313417764,
    "mae_mean": 25.780293273925782,
    "mae_std": 0.5360477506615472,
    "rmse_mean": 37.66558952331543,
    "rmse_std": 0.7208568346860137,
    "r2_mean": 0.891683030128479,
    "r2_std": 0.004128824826485671,
    "high_tg_threshold_mean": 508.1499938964844,
    "high_tg_threshold_std": 0.0,
    "high_tg_mae_mean": 26.755017852783205,
    "high_tg_mae_std": 0.9366338746163653,
    "high_tg_r2_mean": 0.06468764543533326,
    "high_tg_r2_std": 0.04406774639072485,
    "low_tg_mae_mean": 25.455385398864745,
    "low_tg_mae_std": 0.6408744390002794,
    "bias_delta_mean": 1.299632453918457,
    "bias_delta_std": 1.1314030844167773,
    "normalized_bias_mean": 0.33329710070017826,
    "normalized_bias_std": 0.0234841589296406,
    "high_tg_ratio_mean": 0.25,
    "high_tg_ratio_std": 0.0
  },
  "shared pool": {
    "mse_mean": 1321.38701171875,
    "mse_std": 55.03398060016431,
    "mae_mean": 25.286907958984376,
    "mae_std": 0.5494030328443877,
    "rmse_mean": 36.34377174377441,
    "rmse_std": 0.7581497455488212,
    "r2_mean": 0.8991458296775818,
    "r2_std": 0.004200449917926089,
    "high_tg_threshold_mean": 508.1499938964844,
    "high_tg_threshold_std": 0.0,
    "high_tg_mae_mean": 26.174731063842774,
    "high_tg_mae_std": 1.4342576635133857,
    "high_tg_r2_mean": 0.09627578258514405,
    "high_tg_r2_std": 0.08026038210860074,
    "low_tg_mae_mean": 24.990966606140137,
    "low_tg_mae_std": 0.6281662442951319,
    "bias_delta_mean": 1.1837644577026367,
    "bias_delta_std": 1.6466132376477465,
    "normalized_bias_mean": 0.3250257090129741,
    "normalized_bias_std": 0.03593696996893658,
    "high_tg_ratio_mean": 0.25,
    "high_tg_ratio_std": 0.0
  }
}